,Artist,Title
0,Lifehouse,Hanging By A Moment
1,Alicia Keys,Fallin’
2,Janet Jackson,All For You
3,Train,Drops Of Jupiter (Tell Me)
4,Jennifer Lopez feat. Ja Rule,I’m Real
5,matchbox twenty,If You’re Gone
6,Eve feat. Gwen Stefani,Let Me Blow Ya Mind
7,Dido,Thank You
8,Lenny Kravitz,Again
9,Destiny’s Child,Independent Women
10,Blu Cantrell,Hit ‘Em Up Style (Oops!)
11,Shaggy feat. Ricardo “RikRok” Ducent,It Wasn’t Me
12,Joe feat. Mystikal,Stutter
13,Staind,It’s Been Awhile
14,Usher,U Remind Me
15,Jagged Edge With Nelly,Where The Party At
16,Shaggy feat. Rayvon,Angel
17,Nelly feat. City Spud,Ride Wit Me
18,Uncle Kracker,Follow Me
19,112,Peaches & Cream
20,Incubus,Drive
21,City High,What Would You Do?
22,Destiny’s Child,Survivor
23,"Christina Aguilera, Lil’ Kim, Mya and Pink",Lady Marmalade
24,Outkast,Ms. Jackson
25,Jennifer Lopez,Love Don’t Cost A Thing
26,Faith Hill,The Way You Love Me
27,Dream,He Loves You Not
28,Crazy Town,Butterfly
29,Ja Rule feat. Lil’ Mo and Vita,Put It On Me
30,Mary J. Blige,Family Affair
31,Lee Ann Womack and Sons Of The Desert,I Hope You Dance
32,Moby feat. Gwen Stefani,South Side
33,Madonna,Don’t Tell Me
34,Missy Elliott,Get Ur Freak On
35,K-Ci and JoJo,Crazy
36,Craig David,Fill Me In
37,Janet Jackson,Someone To Call My Lover
38,Creed,With Arms Wide Open
39,Mya,Case Of The Ex (Whatcha Gonna Do)
40,O-Town,All Or Nothing
41,Destiny’s Child,Bootylicious
42,Nelly Furtado,I’m Like A Bird
43,3 Doors Down,Kryptonite
44,R. Kelly feat. Jay-Z,Fiesta
45,Sugar Ray,When It’s Over
46,Aerosmith,Jaded
47,Jagged Edge,Promise
48,Case,Missing You
49,Ginuwine,Differences
50,‘N Sync,This I Promise You
51,Jay-Z,Izzo (H.O.V.A.)
52,Lil’ Mo feat. Fabolous,Superwoman Pt. II
53,Evan And Jaron,Crazy For This Girl
54,Ricky Martin and Christina Aguilera,Nobody Wants To Be Lonely
55,Jay-Z,I Just Wanna Love U (Give It 2 Me)
56,Missy Elliott,One Minute Man
57,Mystikal feat. Nivea,Danger (Been So Long)
58,Enya,Only Time
59,Toya,I Do!!
60,S Club 7,Never Had A Dream Come True
61,Tamia,Stranger In My House
62,Jessica Simpson,Irresistible
63,Sunshine Anderson,Heard It All Before
64,Dave Matthews Band,The Space Between
65,Faith Hill,There You’ll Be
66,Musiq Soulchild,Love
67,112,It’s Over Now
68,3LW,No More (Baby I’ma Do Right)
69,Nelly Furtado,Turn Off The Light
70,Brooks and Dunn,Ain’t Nothing `Bout You
71,Jennifer Lopez,Play
72,Lonestar,I’m Already There
73,Lil’ Romeo,My Baby
74,U2,Beautiful Day
75,Blake Shelton,Austin
76,Ludacris,Southern Hospitality
77,Tim McGraw,Grown Men Don’t Cry
78,Ja Rule feat. Case,Livin’ It Up
79,Mariah Carey feat. Cameo,Loverboy
80,Isley Brothers,Contagious
81,Jessica Andrews,Who I Am
82,Erick Sermon feat. Marvin Gaye,Music
83,Willa Ford,I Wanna Be Bad
84,Kenny Chesney,Don’t Happen Twice
85,Diamond Rio,One More Day
86,R. Kelly,I Wish
87,Travis Tritt,It’s A Great Day To Be Alive
88,Trick Daddy,I’m A Thug
89,Eve 6,Here’s To The Night
90,Toby Keith,You Shouldn’t Kiss Me Like This
91,Eden’s Crush,Get Over Yourself
92,Debelah Morgan,Dance With Me
93,Outkast,"So Fresh, So Clean"
94,Nelly,E.I.
95,3 Doors Down,Be Like That
96,P!nk,Most Girls
97,QB’s Finest feat. Nas and Braveheart’s,Oochie Wally
98,Enrique Iglesias,Hero
99,Fuel,Hemorrhage (In My Hands)
100,Nickelback,How Your Remind Me
101,Ashanti,Foolish
102,Nelly,Hot in Herre
103,Nelly feat. Kelly Rowland,Dilemma
104,The Calling,Wherever you Will Go
105,Vanessa Carlton,A Thousand Miles
106,Linkin Park,In the End
107,Fat Joe feat. Ashanti,What’s Luv?
108,Usher,U Got it Bad
109,Puddle Of Mudd,Blurry
110,Avril Lavigne,Complicated
111,Ja Rule feat. Ashanti,Always on Time
112,Jennifer Lopez feat. Ja Rule,Ain’t it Funny
113,Jimmy Eat World,The Middle
114,P. Diddy feat. Usher and Loon,I Need a Girl (Part One)
115,Usher,U Don’t have to Call
117,"P. Diddy and Ginuwine feat. Loon, Mario Winans and Tammy Ruggeri",I Need a Girl (Part Two)
118,Eve feat. Alicia Keys,Gangsta Lovin’
119,Creed,My Sacrifice
120,Eminem,Without Me
121,Enrique Iglesias,Hero
122,Michelle Branch,All You Wanted
123,P!nk,Get the Party Started
124,Chad Kroeger feat. Josey Scott,Hero
125,Default,Wasting My Time
126,Creed,One Last Breath
127,Shakira,"Whenever, Wherever"
128,Jennifer Lopez feat. Nas,I’m Gonna Be Alright
129,Cam’ron feat. Juelz Santana,Oh Boy
130,DJ Sammy and Yanou feat. Do,Heaven
131,No Doubt feat. Bounty Killer,Hey Baby
132,‘N Sync feat. Nelly,Girlfriend
133,Mario,Just a Friend 2002
134,Sheryl Crow,Soak up the Sun
135,P!nk,Don’t Let Me Get Me
136,N.O.R.E.,Nothin’
137,Tweet,Oops (Oh My)
138,Kelly Clarkson,A Moment Like This
139,Truth Hurts feat. Rakim,Addictive
140,Ashanti,Happy
141,John Mayer,No Such Thing
142,P!nk,Just Like a Pill
143,"Irv Gotti Presents The Inc. feat. Ja Rule, Ashanti, Charli Baltimore and Vita",Down 4 U
144,Kylie Minogue,Can’t Get You Out Of My Head
145,Five For Fighting,Superman (It’s not Easy)
146,Eminem,Cleanin’ out my Closet
147,Musiq,Halfcrazy
148,Mr. Cheeks,"Lights, Camera, Action!"
149,Big Tymers,Still Fly
150,Alicia Keys,A Woman’s Worth
151,Craig David,7 Days
152,"Cam’ron feat. Juelz Santana, Freekey Zekey and Toya",Hey Ma
153,Missy “Misdemeanor” Elliott,Work It
154,Ludacris feat. Mystikal and Infamous 2.0,Move Bitch
155,LeAnn Rimes,Can’t Fight the Moonlight
156,Enrique Iglesias,Escape
157,Aaliyah,More than a Woman
158,No Doubt,Hella Good
159,Faith Evans,I Love You
160,Daniel Bedingfield,Gotta Get Thru This
161,Busta Rhymes feat. P. Diddy and Pharrell,Pass the Courvoisier Part II
162,Eminem,Lose Yourself
163,Michael Jackson,Butterflies
164,Brandy,What About Us?
165,Shakira,Underneath your Clothes
166,Mary J. Blige feat. Ja Rule,Rainy Dayz
168,Angie Martinez feat. Lil’ Mo and Sacario,If I could Go!
169,OutKast feat. Killer Mike,The Whole World
170,No Doubt feat. Lady Saw,Underneath it All
171,City High feat. Eve,Caramel
172,LL Cool J,Luv U Better
173,Sean Paul,Gimme the Light
174,‘N Sync,Gone
175,Ja Rule feat. Case,Livin’ it Up
176,Ludacris,Roll Out (My Business)
177,Goo Goo Dolls,Here is Gone
178,Mary J. Blige,No More Drama
179,Dirty Vegas,Days go By
180,Ashanti,Baby
181,Kenny Chesney,The Good Stuff
182,Fat Joe feat. R. Kelly,We Thuggin’
183,Steve Holy,Good Morning Beautiful
184,Aaliyah,Rock the Boat
185,Alan Jackson,Drive (For Daddy Gene)
186,Jewel,Standing Still
187,Jaheim feat. Next,Anything
188,Brandy,Full Moon
189,B2K,Uh Huh
190,Celine Dion,A New Day has Come
191,Nelly Furtado,Turn Off the Light
192,George Strait,Living and Living Well
193,Toby Keith,My List
194,Alanis Morissette,Hands Clean
195,Avril Lavigne,Sk8er Boi
196,Dixie Chicks,Long Time Gone
197,Alan Jackson,Where Were You (When the World Stopped Turning)
198,Justin Timberlake,Like I Love You
200,50 Cent,In Da Club
201,R. Kelly,Ignition
202,Sean Paul,Get Busy
203,Beyonce feat. Jay-Z,Crazy in Love
204,3 Doors Down,When I’m Gone
205,matchbox twenty,Unwell
206,Chingy,Right Thurr
207,Aaliyah,Miss You
208,Kid Rock feat. Sheryl Crow,Picture
209,Evanescence feat. Paul McCoy,Bring me to Life
210,Lil Jon and The East Side Boyz feat. Ying Yang Twins,Get Low
211,Beyonce feat. Sean Paul,Baby Boy
212,"Nelly, P. Diddy and Murphy Lee",Shake ya Tailfeather
213,50 Cent feat. Nate Dogg,21 Questions
214,Jennifer Lopez feat. LL Cool J,All I Have
215,Christina Aguilera,Beautiful
216,Busta Rhymes and Mariah Carey feat. The Flipmode Squad,I Know what you Want
217,Avril Lavigne,I’m with You
218,Uncle Kracker feat. Dobie Gray,Drift Away
219,Lil’ Kim feat. 50 Cent,Magic Stick
220,50 Cent,P.I.M.P.
221,B2K and P. Diddy,"Bump, Bump, Bump"
222,Fabolous feat. Tamia Or Ashanti,Into You
223,Fabolous feat. Mike Shorey and Lil’ Mo,Can’t let you Go
224,Ja Rule feat. Ashanti,Mesmerize
225,Black Eyed Peas,Where is the Love?
226,Santana feat. Michelle Branch,The Game of Love
228,Ashanti,Rock wit U (Awww Baby)
229,Justin Timberlake,Cry me a River
230,Tyrese,How you Gonna Act Like That
231,Justin Timberlake,Rock your Body
232,Wayne Wonder,No Letting Go
233,Pharrell feat. Jay-Z,Frontin’
234,Dixie Chicks,Landslide
236,Jay-Z feat. Beyonce Knowles,’03 Bonnie & Clyde
237,Nivea feat. Brian and Brandon Casey,Don’t Mess with my Man
238,Monica,So Gone
239,"Nelly feat. Kyjuan, Ali and Murphy Lee",Air Force Ones
240,Lumidee,"Never Leave You – Uh Ooh, Uh Oooh!"
241,Snoop Dogg feat. Pharrell and Uncle Charlie Wilson,Beautiful
242,Missy “Misdemeanor” Elliott feat. Ludacris,Gossip Folks
243,Kelly Clarkson,Miss Independent
244,Train,Calling All Angels
245,YoungBloodZ feat. Lil Jon,Damn!
246,Clay Aiken,This is the Night
247,John Mayer,Your Body is a Wonderland
248,Trapt,Headstrong
249,Ginuwine,In those Jeans
250,Ludacris feat. Shawnna,Stand Up
251,Jason Mraz,The Remedy (I won’t Worry)
252,Santana feat. Alex Band Or Chad Kroeger,Why Don’t You & I
253,Jay-Z,Excuse Me Miss
254,Jennifer Lopez feat. Styles and Jadakiss,Jenny from the Block
255,Michelle Branch,Are you Happy Now?
256,Shania Twain,Forever and for Always
257,Nas,I Can
259,Daniel Bedingfield,If you’re not the One
260,R. Kelly,Thoia Thoing
261,3 Doors Down,Here without You
262,50 Cent,Wanksta
263,Mya,My Love is Like… Wo
264,Alan Jackson and Jimmy Buffett,It’s Five O’Clock Somewhere
265,Sean Paul,Like Glue
266,Christina Aguilera feat. Lil’ Kim,Can’t Hold us Down
267,Lonestar,My Front Porch Looking In
268,Amanda Perez,Angel
269,Puddle Of Mudd,She Hates Me
270,Frankie J,Don’t Wanna Try
271,Lil’ Kim feat. Mr. Cheeks,The Jump Off
272,Jewel,Intuition
273,Ginuwine feat. Baby,Hell Yeah
274,Toby Keith Duet With Willie Nelson,Beer for my Horses
275,Chingy feat. Ludacris and Snoop Dogg,Holidae In
276,Baby Bash feat. Frankie J,Suga Suga
277,Erykah Badu feat. Common,Love of my Life (An Ode to Hip Hop)
278,Christina Aguilera,Fighter
279,2Pac,Thugz Mansion
280,Coldplay,Clocks
281,Jaheim,Put that Woman First
282,Ashanti,Rain on Me
283,Mark Wills,19 Somethin’
284,Young Gunz,"Can’t Stop, Won’t Stop"
285,Brooks and Dunn,Red Dirt Road
286,Dierks Bentley,What was I Thinkin’
287,Ruben Studdard,Flying without Wings
288,Eminem,Sing for the Moment
289,Darryl Worley,Have you Forgotten?
290,Kenny Chesney,"No Shoes, No Shirt, No Problems"
291,Aaliyah,Come Over
292,Field Mob,Sick of Being Lonely
293,R. Kelly,Step in the Name of Love
294,Thalia feat. Fat Joe,I Want You
295,Audioslave,Like a Stone
296,Norah Jones,Don’t know Why
297,Eminem,Superman
298,Tim McGraw,Real Good Man
299,Floetry,Say Yes
300,Usher feat. Lil Jon and Ludacris,Yeah!
301,Usher,Burn
302,Alicia Keys,If I Ain’t Got You
303,Maroon5,This Love
304,OutKast feat. Sleepy Brown,The Way You Move
305,Hoobastank,The Reason
306,Mario Winans feat. Enya and P. Diddy,I Don’t Wanna Know
307,OutKast,Hey Ya!
308,Ciara feat. Petey Pablo,Goodies
309,Terror Squad,Lean Back
310,J-Kwon,Tipsy
311,Usher,Confessions Part II
312,Juvenile feat. Soulja Slim,Slow Motion
313,Petey Pablo,Freek-a-Leek
314,3 Doors Down,Here Without You
315,Twista feat. Kanye West and Jamie Foxx,Slow Jamz
316,Nickelback,Someday
317,Beyonce,Naughty Girl
318,Evanescence,My Immortal
319,Lil’ Flip feat. Lea,Sunshine
320,Jay-Z,Dirt Off Your Shoulder
321,Nina Sky feat. Jabba,Move Ya Body
322,Christina Milian,Dip It Low
323,Usher And Alicia Keys,My Boo
324,Chingy feat. J. Weav,One Call Away
325,Beyonce,"Me, Myself, and I"
326,Kevin Lyttle feat. Spragga Benz,Turn Me On
327,Sheryl Crow,The First Cut Is The Deepest
328,Alicia Keys,You Don’t Know My Name
329,Nelly feat. Jaheim,My Place
330,Twista,Overnight Celebrity
331,Cassidy feat. R. Kelly,Hotel
332,Linkin Park,Numb
333,Alicia Keys feat. Tony! Toni! Tone!,Diary
334,Maroon 5,She Will be Loved
335,Dido,White Flag
336,Los Lonely Boys,Heaven
337,No Doubt,It’s My Life
338,Ashlee Simpson,Pieces of Me
339,JoJo,Leave (Get Out)
340,Kelis,Milkshake
341,Ludacris,Splash Waterfalls
342,Kanye West,Jesus Walks
343,Akon feat. Styles P.,Locked Up
346,Kanye West feat. Syleena Johnson,All Falls Down
347,Britney Spears,Toxic
348,Ying Yang Twins feat. Lil Jon and The East Side Boyz,Salt Shaker
349,Jessica Simpson,With You
350,Switchfoot,Meant to Live
351,"Houston feat. Chingy, Nate Dogg and I-20",I Like That
352,Ruben Studdard,Sorry 2004
353,Avril Lavigne,My Happy Ending
354,Lloyd Banks,On Fire
355,OutKast,Roses
356,Jagged Edge,Walker outta Heaven
357,Destiny’s Child,Lose My Breath
358,D12,My Band
359,Sean Paul feat. Sasha,I’m Still in Love with You
360,Kanye West,Through the Wire
361,Jadakiss feat. Anthony Hamilton,Why?
362,Eamon,F**k It (I Don’t Want you Back)
363,Avant,Read your Mind
364,Lil’ Flip,Game Over (Flip)
365,Finger Eleven,One Thing
366,LL Cool J,Headsprung
368,Beyonce feat. Sean Paul,Baby Boy
370,Snoop Dogg feat. Pharrell,Drop it Like it’s Hot
371,Monica,U Should’ve Known Better
372,Ryan Cabrera,On the Way Down
373,Kelly Clarkson,Breakaway
374,Santana feat. Alex Band Or Chad Kroeger,Why Don’t you & I
375,Jet,Are You Gonna Be My Girl
376,Five For Fighting,100 Years
377,R. Kelly,Step In The Name Of Love
378,Linkin Park,Breaking the Habit
379,Nick Cannon feat. R. Kelly,Gigolo
380,Tim McGraw,Live Like You Were Dying
381,Alan Jackson,Remember When
382,Britney Spears,Everytime
383,Lloyd feat. Ashanti,Southside
384,Beenie Man feat. Ms. Thing,Dude
385,G-Unit feat. Joe,Wanna Get To Know You
387,Black Eyed Peas,Let’s Get It Started
388,Kenny Chesney and Uncle Kracker,When the Sun Goes Down
389,Toby Keith,American Soldier
390,Jay-Z,Change Clothes
391,Avril Lavigne,Don’t Tell Me
392,Keith Urban,You’ll Think of Me
393,R. Kelly,Happy People
394,Black Eyed Peas,Hey Mama
395,Nelly feat. Tim McGraw,Over and Over
396,Gretchen Wilson,Redneck Woman
397,Eminem,Just Lose It
398,John Michael Montgomery,Letters from Home
399,Kenny Chesney,I Go Back
400,Mariah Carey,We Belong Together
401,Gwen Stefani,Hollaback Girl
402,Mario,Let Me Love You
403,Kelly Clarkson,Since U Been Gone
404,Ciara feat. Missy Elliott,"1, 2 Step"
405,Kanye West feat. Jamie Foxx,Gold Digger
406,Green Day,Boulevard of Broken Dreams
407,50 Cent feat. Olivia,Candy Shop
408,The Pussycat Dolls feat. Busta Rhymes,Don’t Cha
409,Kelly Clarkson,Behind These Hazel Eyes
410,50 Cent,Disco Inferno
411,Lifehouse,You and Me
412,The Black Eyed Peas,Don’t Phunk With My Heart
413,Missy Elliott feat. Ciara and Fat Man Scoop,Lose Control
414,Mariah Carey,Shake it Off
415,The Killers,Mr. Brightside
416,50 Cent,Just a Lil Bit
417,Rihanna,Pon de Replay
418,The Game feat. 50 Cent,How We Do
419,Weezer,Beverly Hills
420,Ciara feat. Ludacris,Oh
421,Rob Thomas,Lonely No More
422,Snoop Dogg feat. Pharrell,Drop it Like It’s Hot
423,The Game feat. 50 Cent,Hate It or Love It
424,Lil Jon and The East Side Boyz feat. Usher and Ludacris,Lovers and Friends
425,Destiny’s Child feat. T.I. and Lil Wayne,Soldier
427,Will Smith,Switch
428,Bow Wow feat. Omarion,Let Me HOld You
429,Bow Wow feat. Ciara,Like You
430,Gwen Stefani feat. Eve,Rich Girl
431,The Black Eyed Peas,My Humps
432,Frankie J feat. Baby Bash,Obsession (No Es Amor)
433,Usher,Caught Up
434,D.H.T.,Listen to your Heart
435,Papa Roach,Scars
436,Gorillaz,Feel Good Inc
437,3 Doors Down,Let Me Go
438,Green Day,Holiday
439,Fall Out Boy,"Sugar, we’re Goin’ Down"
440,Pretty Ricky,Grind With Me
441,Chris Brown,Run It!
442,Nickelback,Photograph
443,Akon,Lonely
444,Howie Day,Collide
445,Green Day,Wake Me up When September Ends
446,Bobby Valentino,Slow Down
448,Trillville feat. Cutty,Some Cut
449,Fat Joe feat. Nelly,Get it Poppin’
450,David Banner,Play
451,Young Jeezy feat. Akon,Soul Survivor
452,Ludacris feat. Bobby Valentino,Pimpin’ All Over the World
454,"Trick Daddy feat. Ludacris, Lil’ Kim and Cee-Lo",Sugar (Gimme Some)
455,Alicia Keys,Karma
456,Coldplay,Speed of Sound
457,Gavin DeGraw,I Don’t Want to Be
458,Eminem,Mockingbird
459,Shakira feat. Alejandro Sanz,La Tortura
460,Maroon5,She Will be Loved
461,Baby Bash feat. Akon,Baby I’m Back
462,Ying Yang Twins,Wait (The Whisper Song)
463,Backstreet Boys,Incomplete
464,T.I.,Bring em Out
465,Destiny’s Child,Cater 2 U
466,Amerie,1 Thing
467,Foo Fighters,Best of You
468,Mariah Carey,It’s Like That
469,Natalie,Goin’ Crazy
470,Carrie Underwood,Inside your Heaven
471,Kelly Clarkson,Because of You
472,Fantasia,Truth Is
473,Pretty Ricky,Your Body
474,Jesse McCartney,Beautiful Soul
475,Gwen Stefani,Cool
476,Ludacris,Get Back
477,50 Cent feat. Mobb Deep,Outta Control (Remix)
478,T.I.,U Don’t Know Me
479,Natasha Bedingfield,These Words
480,The Black Eyed Peas,Don’t Lie
481,Jennifer Lopez,Get Right
482,John Mayer,Daughters
483,Toby Keith,As Good as I Once Was
484,Brooke Valentine feat. Lil Jon and Big Boi,Girlfight
486,John Legend,Ordinary People
487,Sean Paul,We Be Burnin’
488,The Click Five,Just the Girl
489,Ryan Cabrera,TRUE
490,Omarion,O
491,Mike Jones,Back Then
492,Jay-Z/Linkin Park,Numb/Encore
493,Ja Rule feat. R. Kelly and Ashanti,Wonderful
494,T-Pain,I’m Sprung
495,Gavin DeGraw,Chariot
496,112 feat. Foxy Brown,U Already Know
497,Faith Hill,Mississippi Girl
498,Ludacris,Number One Spot
499,Webbie feat. Bun B,Give Me That
500,Daniel Powter,Bad Day
501,Sean Paul,Temperature
502,Nelly Furtado feat. Timbaland,Promiscuous
503,James Blunt,You’re Beautiful
504,Shakira feat. Wyclef Jean,Hips Don’t Lie
505,Natasha Bedingfield,Unwritten
506,Gnarls Barkley,Crazy
507,Chamillionaire feat. Krayzie Bone,Ridin’
508,Justin Timberlake,Sexyback
509,Beyonce feat. Slim Thug,Check on It
510,Mary J. Blige,Be without You
511,"Nelly feat. Paul Wall, Ali and Gipp",Grillz
512,The Fray,Over My Head (Cable Car)
513,Cassie,Me & U
514,The Pussycat Dolls feat. Snoop Dogg,Buttons
515,Chris Brown,Run It!
516,Ne-Yo,So Sick
517,Yung Joc,It’s Goin’ Down
518,Rihanna,SOS
519,Panic! At The Disco,I Write Sins not Tragedies
520,The All-American Rejects,Move Along
521,Fergie,London Bridge
522,Red Hot Chili Peppers,Dani California
523,Lil Jon feat. E-40 and Sean Paul Of The YoungBloodZ,Snap Yo Fingers
524,Dem Franchize Boyz feat. Lil Peanut and Charlay,"Lean Wit It, Rock Wit It"
525,Rascal Flatts,What Hurts the Most
526,The Fray,How to Save a Life
527,Rihanna,Unfaithful
528,Snow Patrol,Chasing Cars
529,Hinder,Lips of an Angel
530,Cascada,Everytime We Touch
531,Christina Aguilera,Ain’t no Other Man
532,Fall Out Boy,"Dance, Dance"
534,Ludacris feat. Pharrell,Money Maker
535,Bubba Sparxxx feat. Ying Yang Twins and Mr. ColliPark,Ms. New Booty
536,Sean Paul feat. Keyshia Cole,(When You Gonna) Give It Up To Me
539,The Pussycat Dolls,Stickwitu
540,T-Pain feat. Mike Jones,I’n N Luv (Wit a Stripper)
542,Fort Minor feat. Holly Brook,Where’d You Go
543,Chris Brown,Yo (Excuse Me Miss)
544,Kelly Clarkson,Walk Away
545,D4L,Laffy Taffy
546,T.I.,What you Know
547,The All-American Rejects,Dirty Little Secret
548,Nickelback,Savin’ Me
549,Mariah Carey,Don’t Forget About Us
550,Ne-Yo,Sexy Love
551,E-40 feat. T-Pain and Kandi Girl,U and Dat
552,Nickelback,Far Away
553,Nick Lachey,What’s Left of Me
554,Field Mob feat. Ciara,So What
555,Cherish feat. Sean Paul Of The YoungBloodZ,Do it to It
556,KT Tunstall,Black Horse & the Cherry Tree
557,Juelz Santana,There it Go! (The Whistle Song)
558,Young Dro feat. T.I.,Shoulder Lean!
559,Jamie Foxx feat. Ludacris,Unpredictable
560,Justin Timberlake feat. T.I.,My Love
561,Eminem feat. Nate Dogg,Shake That
562,Chingy feat. Tyrese,Pullin’ Me Back
563,Kelis feat. Too $hort,Bossy
564,Jibbs,Chain Hang Low
565,Akon feat. Eminem,Smack That
566,Ray J,One Wish
567,Fall Out Boy,Sugar We’re Goin’ Down
568,Chris Brown feat. Lil’ Wayne,Gimme That
569,Yung Joc feat. Brandy ‘Ms. B.’ Hambrick,I Know You See It
570,Bon Jovi,Who Says you can’t Go Home
571,JoJo,Too Little Too Late
572,Busta Rhymes,Touch It
573,Daddy Yankee,Rompe
574,Beyonce feat. Jay-Z,Deja Vu
575,Rascal Flatts,Life is a Highway
576,Evanescence,Call me When You’re Sober
577,Carrie Underwood,"Jesus, take the Wheel"
578,Danity Kane,Show Stopper
579,Ciara feat. Chamillionaire,Get Up
580,Sean Paul,We be Burnin’
581,Blue October,Hate Me
583,The Pussycat Dolls feat. will.i.am,Beep
584,"Dem Franchize Boyz feat. Jermaine Dupri, Da Brat and Bow Wow",I Think They Like Me
585,Chris Brown,Say Goodbye
586,John Mayer,Waiting on the World to Change
588,The Black Eyed Peas,Pump It
589,Eminem,When I’m Gone
590,Madonna,Hung Up
591,Three 6 Mafia feat. Young Buck and Eightball and MJG,Stay Fly
592,Keyshia Cole,Love
593,Ne-Yo,When You’re Mad
594,T.I.,Why You Wanna
595,P!nk,Stupid Girls
598,Taylor Hicks,Do I Make you Proud
599,Teddy Geiger,For You I Will (Condience)
600,Beyonce,Irreplaceable
601,Rihanna feat. Jay-Z,Umbrella
602,Gwen Stefani feat. Akon,The Sweet Escape
603,Fergie,Big Girls Don’t Cry
604,T-Pain feat. Yung Joc,Buy U A Drank (Shawty Snappin’)
605,Carrie Underwood,Before He Cheats
606,Plain White T’s,Hey There Delilah
607,Akon feat. Snoop Dogg,I Wanna Love You
608,Nelly Furtado,Say It Right
609,Fergie feat. Ludacris,Glamorous
610,Akon,Don’t Matter
611,Avril Lavigne,Girlfriend
612,Maroon 5,Makes Me Wonder
613,Shop Boyz,Party Like A Rockstar
615,Mims,This Is Why I’m Hot
616,Daughtry,It’s Not Over
617,Timbaland feat. Keri Hilson,The Way I Are
618,Fergie,Fergalicious
619,Soulja Boy Tell’em,Crank That (Soulja Boy)
620,Timbaland feat. Nelly Furtado & Justin Timberlake,Give It To Me
621,Justin Timberlake,What Goes Around…Comes Around
622,Gym Class Heroes feat. Patrick Stump,Cupid’s Chokehold/Breakfast In America
623,The Fray,How To Save A Life
624,Daughtry,Home
626,Kanye West,Stronger
627,Jim Jones,We Fly High
628,P!nk,U + Ur Hand
629,Unk,Walk It Out
630,Sean Kingston,Beautiful Girls
631,Fall Out Boy,"This Ain’t A Scene, It’s An Arms Race"
632,T-Pain feat. Akon,Bartender
633,Huey,"Pop, Lock & Drop It"
634,Ludacris feat. Mary J. Blige,Runaway Love
635,Nickelback,Rockstar
636,Fall Out Boy,Thnks Fr Th Mmrs
637,Linkin Park,What I’ve Done
638,Justin Timberlake,Summer Love
639,Lloyd feat. Lil’ Wayne,You
640,Elliott Yamin,Wait For You
641,Diddy feat. Keyshia Cole,Last Night
642,Fat Joe feat. Lil Wayne,Make It Rain
643,Fabolous feat. Ne-Yo,Make Me Better
644,Omarion,Ice Box
645,Hinder,Lips Of An Angel
646,John Mayer,Waiting On The World To Change
647,Robin Thicke,Lost Without U
648,R. Kelly Or Bow Wow (feat. T.I. & T-Pain),I’m A Flirt
649,Nickelback,If Everyone Cared
650,Lloyd,Get It Shawty
651,The Red Jumpsuit Apparatus,Face Down
652,Baby Boy Da Prince feat. Lil Boosie,The Way I Live
653,Bow Wow feat. Chris Brown & Johnta Austin,Shortie Like Mine
654,The All-American Rejects,It Ends Tonight
655,Hurricane Chris,A Bay Bay
656,Ne-Yo,Because Of You
657,Bone Thugs-N-Harmony feat. Akon,I Tried
658,My Chemical Romance,Welcome To The Black Parade
659,Plies feat. T-Pain,Shawty
661,Beyonce & Shakira,Beautiful Liar
663,Avril Lavigne,Keep Holding On
664,Keyshia Cole feat. Missy Elliott & Lil Kim,Let It Go
665,Timbaland feat. OneRepublic,Apologize
666,Colbie Caillat,Bubbly
667,Ciara,Like A Boy
668,P!nk,Who Knew
669,Kelly Clarkson,Never Again
670,Ciara,Promise
671,J. Holiday,Bed
672,Rich Boy feat. Polow Da Don,Throw Some D’s
673,Amy Winehouse,Rehab
674,T.I.,Big Things Poppin’ (Do It)
675,Alicia Keys,No One
676,Boys Like Girls,The Great Escape
677,Unk,2 Step
678,Paula DeAnda feat. The DEY,Walk Away (Remember Me)
679,Young Jeezy feat. R. Kelly,Go Getta
680,Hellogoodbye,Here (In Your Arms)
681,Pretty Ricky,On The Hotline
682,Gwen Stefani,Wind It Up
683,Baby Bash feat. T-Pain,Cyclone
684,Rihanna & Sean Paul,Break It Off
685,Lifehouse,First Time
686,50 Cent feat. Justin Timberlake & Timbaland,Ayo Technology
687,Bow Wow feat. T-Pain & Johnta Austin,Outta My System
688,Taylor Swift,Teardrops On My Guitar
689,Rihanna,Shut Up And Drive
690,Red Hot Chili Peppers,Snow (Hey Oh)
692,Chris Brown feat. T-Pain,Kiss Kiss
694,Crime Mob feat. Lil Scrappy,Rock Yo Hips
695,Justin Timberlake,Lovestoned
696,Hinder,Better Than Me
697,Finger Eleven,Paralyzer
698,Snoop Dogg feat. R. Kelly,That’s That
699,R. Kelly and Usher,Same Girl
700,Flo Rida feat. T-Pain,Low
701,Leona Lewis,Bleeding Love
703,Lil Wayne feat. Static Major,Lollipop
705,Jordin Sparks Duet With Chris Brown,No Air
706,Sara Bareilles,Love Song
707,Usher feat. Young Jeezy,Love In This Club
708,Chris Brown,With You
709,Chris Brown,Forever
710,Ray J and Yung Berg,Sexy Can I
711,Rihanna,Take A Bow
712,Coldplay,Viva La Vida
713,Katy Perry,I Kissed A Girl
714,T.I.,Whatever You Like
715,Rihanna,Disturbia
716,Rihanna,Don’t Stop the Music
717,Natasha Bedingfield,Pocketful of Sunshine
718,Chris Brown feat. T-Pain,Kiss Kiss
719,Ne-Yo,Closer
721,Mariah Carey,Touch My Body
722,Madonna feat. Justin Timberlake,4 Minutes
723,P!nk,So What
725,Fergie,Clumsy
726,Jason Mraz,I’m Yours
727,Jesse McCartney,Leavin’
728,Kardinal Offishall feat. Akon,Dangerous
729,Jordin Sparks,Tattoo
730,Miley Cyrus,See You Again
731,Metro Station,Shake It
732,OneRepublic,Stop And Stare
733,Sean Kingston,Take You There
734,M.I.A.,Paper Planes
735,Katy Perry,Hot N Cold
736,T.I. feat. Rihanna,Live Your Life
737,Plies feat. Ne-Yo,Bust It Baby Part 2
738,Estelle feat. Kanye West,American Boy
739,Lil Wayne feat. T-Pain,Got Money
740,Taylor Swift,Our Song
741,Danity Kane,Damaged
742,Lil Wayne,A Milli
743,Buckcherry,Sorry
744,Webbie feat. Lil’ Phat & Lil’ Boosie,Independent
745,T-Pain feat. Lil Wayne,Can’t Believe It
746,Alicia Keys,Like You’ll Never See Me Again
748,The Pussycat Dolls,When I Grow Up
749,Snoop Dogg,Sensual Seduction
750,Colby O’Donis feat. Akon,What You Got
751,3 Doors Down,It’S Not My Time
752,Leona Lewis,Better In Time
754,Linkin Park,Shadow Of The Day
755,"Wyclef Jean feat. Akon, Lil Wayne & Niia",Sweetest Girl (Dollar Bill)
756,Ne-Yo,Miss Independent
757,Secondhand Serenade,Fall For You
758,Flo Rida feat. will.i.am,In The Ayer
759,John Mayer,Say
760,Jordin Sparks,One Step at A Time
761,Rihanna feat. Ne-Yo,Hate That I Love You
762,Lupe Fiasco feat. Matthew Santos,Superstar
763,J. Holiday,Suffocate
764,Kevin Rudolf feat. Lil Wayne,Let It Rock
765,David Banner feat. Chris Brown,Get Like Me
766,Colbie Caillat,Realize
767,Young Jeezy feat. Kanye West,Put On
768,David Cook,The Time Of My Life
769,"Three 6 Mafia feat. Project Pat, Young D and Superpower",Lolli Lolli (Pop That Body)
771,Natasha Bedingfield feat. Sean Kingston,Love Like This
772,Jonas Brothers,Burnin’ Up
773,Kanye West,Love Lockdown
774,The-Dream,I Luv Your Girl
775,David Archuleta,Crush
776,Plies feat. Akon,Hypnotized
778,Kanye West feat. T-Pain,Good Life
779,Britney Spears,Womanizer
780,Taylor Swift,Love Story
781,Mary J. Blige,Just Fine
782,Britney Spears,Piece Of Me
783,Rick Ross feat. T-Pain,The Boss
784,Kid Rock,All Summer Long
785,Trey Songz,Can’t Help But Wait
786,Gavin DeGraw,In Love With A Girl
787,The Game feat. Lil Wayne,My Life
788,Keyshia Cole,I Remember
789,Kanye West feat. Dwele,Flashing Lights
790,Lil Wayne feat. Bobby Valentino & Kidd Kidd,Mrs. Officer
791,Miley Cyrus,7 Things
792,Trace Adkins,You’re Gonna Miss This
793,Gavin Rossdale,Love Remains The Same
794,Daughtry,Feels Like Tonight
796,Saving Abel,Addicted
797,Santana feat. Chad Kroeger,Into The Night
798,Keyshia Cole,Heaven Sent
799,2 Pistols feat. T-Pain and Tay Dizm,She Got It
800,The Black Eyed Peas,Boom Boom Pow
801,Lady Gaga,Poker Face
802,Lady Gaga feat. Colby O’Donis,Just Dance
803,The Black Eyed Peas,I Gotta Feeling
805,Flo Rida,Right Round
807,Beyonce,Single Ladies (Put A Ring On It)
808,Kanye West,Heartless
809,The All-American Rejects,Gives You Hell
810,Taylor Swift,You Belong With Me
811,T.I. feat. Justin Timberlake,Dead And Gone
812,The Fray,You Found Me
813,Kings Of Leon,Use Somebody
814,Keri Hilson feat. Kanye West and Ne-Yo,Knock You Down
815,Jamie Foxx feat. T-Pain,Blame It
816,Pitbull,I Know You Want Me (Calle Ocho)
818,Soulja Boy Tell ’em feat. Sammie,Kiss Me Thru The Phone
819,Jay Sean feat. Lil Wayne,Down
820,Miley Cyrus,The Climb
821,Drake,Best I Ever Had
822,Kelly Clarkson,My Life Would Suck Without You
823,Beyonce,Halo
824,Katy Perry,Hot n Cold
825,Shinedown,Second Chance
826,Britney Spears,Circus
827,Kid Cudi,Day ‘n’ Nite
828,Miley Cyrus,Party in the U.S.A.
829,3OH!3,Don’t Trust Me
830,"Jay-Z, Rihanna and Kanye West",Run This Town
832,Sean Kingston,Fire Burning
833,Jason DeRulo,Whatcha Say
834,Lady Gaga,Lovegame
835,Katy Perry,Waking Up In Vegas
836,Jeremih,Birthday Sex
837,P!nk,Sober
838,Britney Spears,Womanizer
840,Mariah Carey,Obsessed
841,Ne-Yo,Mad
842,Cobra Starship feat. Leighton Meester,Good Girls Go Bad
845,Pitbull,Hotel Room Service
846,"Eminem, Dr. Dre and 50 Cent",Crack A Bottle
847,Beyonce,If I Were A Boy
848,Keri Hilson feat. Lil Wayne,Turning Me On
849,The Pussycat Dolls,I Hate This Part
850,Nickelback,Gotta Be Somebody
851,P!nk,Please Don’t Leave Me
852,Lady Gaga,Paparazzi
853,Akon feat. Colby O’Donis and Kardinal Offishall,Beautiful
854,Coldplay,Viva la Vida
855,Akon,Right Now (Na Na Na)
856,Jordin Sparks,Battlefield
857,Flo Rida feat. Wynter,Sugar
859,Owl City,Fireflies
860,Linkin Park,New Divide
861,Jay-Z + Alicia Keys,Empire State Of Mind
862,Daughtry,No Surprise
863,Shakira,She Wolf
864,Mario feat. Gucci Mane and Sean Garrett,Break Up
865,Beyonce,Sweet Dreams
866,Young Money,Every Girl
867,Colbie Caillat,Fallin’ For You
868,The Veronicas,Untouched
869,Nickelback,If Today Was Your Last Day
870,Fabolous feat. The-Dream,Throw It In The Bag
871,Boys Like Girls,Love Drunk
872,Asher Roth,I Love College
873,Britney Spears,If U Seek Amy
874,Jason Aldean,Big Green Tractor
875,Taylor Swift,White Horse
877,Green Day,21 Guns
878,Soulja Boy Tell’em,Turn My Swag On
879,The-Dream,Rockin’ That Thang
880,Zac Brown Band,Chicken Fried
881,Beyonce,Diva
882,Iyaz,Replay
883,Brad Paisley,Then
884,Rob Thomas,Her Diamonds
885,Jesse McCartney feat. Ludacris,How Do You Sleep?
886,Britney Spears,3
887,"Drake feat. Kanye West, Lil Wayne and Eminem",Forever
888,Justin Bieber,One Time
889,Lady Antebellum,I Run To You
890,Kelly Clarkson,I Do Not Hook Up
891,John Legend feat. Andre 3000,Green Light
892,Billy Currington,People Are Crazy
893,Zac Brown Band,Whatever It Is
894,Kelly Clarkson,Already Gone
895,Kristinia DeBarge,Goodbye
896,Michael Franti and Spearhead feat. Cherine Anderson,Say Hey (I Love You)
897,Jim Jones and Ron Browz feat. Juelz Santana,Pop Champagne
898,Maxwell,Pretty Wings
899,The Fray,Never Say Never
900,Ke$ha,TiK ToK
901,Lady Antebellum,Need You Now
902,Train,"Hey, Soul Sister"
903,Katy Perry feat. Snoop Dogg,California Gurls
904,Usher feat. will.i.am,OMG
905,B.o.B feat. Hayley Williams,Airplanes
906,Eminem feat. Rihanna,Love The Way You Lie
907,Lady Gaga,Bad Romance
908,Taio Cruz,Dynamite
909,Taio Cruz feat. Ludacris,Break Your Heart
910,B.o.B feat. Bruno Mars,Nothin’ On You
911,Enrique Iglesias feat. Pitbull,I Like It
912,Young Money feat. Lloyd,Bedrock
913,Jason Derulo,In My Head
914,Rihanna,Rude Boy
915,Lady Gaga feat. Beyonce,Telephone
916,Katy Perry,Teenage Dream
917,Bruno Mars,Just The Way You Are
918,Mike Posner,Cooler Than Me
919,Black Eyed Peas,Imma Be
920,Jay-Z and Alicia Keys,Empire State of Mind
921,Usher feat. Pitbull,DJ Got Us Fallin’ in Love
922,Travie McCoy feat. Bruno Mars,Billionaire
923,Eminem,Not Afraid
925,David Guetta feat. Akon,Sexy Chick
926,The Script,Breakeven
927,Ke$ha,Your Love Is My Drug
928,Black Eyed Peas,I Gotta Feeling
930,Trey Songz feat. Fabolous,Say Aah
931,Drake,Find Your Love
932,Lady Gaga,Alejandro
933,Jason Derulo,Ridin’ Solo
934,Nelly,Just A Dream
935,Ludacris,How Low
936,Far East Movement feat. The Cataracs and Dev,Like A G6
937,Timbaland feat. Justin Timberlake,Carry Out
938,Michael Buble,Haven’t Met You Yet
939,Flo Rida feat. David Guetta,Club Can’t Handle Me
941,La Roux,Bulletproof
942,Jason Derulo,Whatcha Say
943,Justin Bieber feat. Ludacris,Baby
944,Adam Lambert,Whataya Want From Me
945,Taylor Swift,Mine
946,Rihanna,Only Girl (In The World)
947,Kris Allen,Live Like We’re Dying
948,Rihanna feat. Jeezy,Hard
949,Jay-Z and Mr. Hudson,Young Forever
950,Ke$ha feat. 3OH!3,Blah Blah Blah
951,Trey Songz feat. Nicki Minaj,Bottoms Up
952,Jay Sean feat. Sean Paul & Lil Jon,Do You Remember
953,OneRepublic,All The Right Moves
954,Orianthi,According To You
955,Ludacris feat. Nicki Minaj,My Chick Bad
957,Black Eyed Peas,Meet Me Halfway
958,Ke$ha,Take It Off
959,Drake,Over
960,Neon Trees,Animal
961,Maroon 5,Misery
962,B.o.B feat. Rivers Cuomo,Magic
964,New Boyz feat. Ray J,Tie Me Down
965,Nicki Minaj,Your Love
966,Miley Cyrus,Party In The U.S.A.
967,Chris Brown feat. Tyga and Kevin McCall,Deuces
969,Shontelle,Impossible
971,Boys Like Girls feat. Taylor Swift,Two Is Better Than One
972,3OH!3 feat. Ke$ha,My First Kiss
974,Black Eyed Peas,Rock That Body
975,OneRepublic,Secrets
976,Selena Gomez and The Scene,Naturally
977,Alicia Keys,Un-Thinkable (I’m Ready)
978,"DJ Khaled feat. T-Pain, Ludacris, Snoop Dogg and Rick Ross",All I Do Is Win
979,"Kevin Rudolf feat. Birdman, Jay Sean, & Lil Wayne",I Made It (Cash Money Heroes)
980,Sugarland,Stuck Like Glue
981,Usher feat. Plies,Hey Daddy (Daddy’s Home)
982,Usher,There Goes My Baby
983,Taylor Swift,Today Was A Fairytale
984,Timbaland feat. Drake,Say Something
986,Kings of Leon,Use Somebody
987,Carrie Underwood,Undo It
988,Sean Kingston and Justin Bieber,Eenie Meenie
989,Lil Wayne feat. Drake,Right Above It
990,Miranda Lambert,The House That Built Me
991,The Band Perry,If I Die Young
992,Paramore,The Only Exception
993,Lady Antebellum,American Honey
994,Sara Bareilles,King Of Anything
995,Daughtry,Life After You
996,Uncle Kraker,Smile
997,Cali Swag District,Teach Me How To Dougie
998,Alicia Keyes,Try Sleeping With A Broken Heart
999,Jerrod Niemann,"Lover, Lover"
1000,Adele,Rolling In The Deep
1001,LMFAO feat. Lauren Bennett & GoonRock,Party Rock Anthem
1002,Katy Perry,Firework
1003,Katy Perry feat. Kanye West,E.T.
1004,"Pitbull feat. Ne-Yo, Afrojack & Nayer",Give Me Everything
1005,Bruno Mars,Grenade
1006,Cee Lo Green,FucK You
1007,Nicki Minaj,Super Bass
1008,Maroon 5 feat. Christina Aguilera,Moves Like Jagger
1009,The Black Eyed Peas,Just Can’t Get Enough
1010,Jennifer Lopez feat. Pitbull,On The Floor
1011,Rihanna,S&M
1012,Foster The People,Pumped Up Kicks
1013,Katy Perry,Last Friday Night (T.G.I.F.)
1015,Enrique Iglesias,Tonight
1016,P!Nk,Raise Your Glass
1017,Lady Gaga,Born This Way
1018,P!Nk,F**Kin’ Perfect
1019,Rihanna feat. Drake,What’s My Name?
1020,Chris Brown feat. Lil Wayne & Busta Rhymes,Look At Me Now
1021,Jeremih feat. 50 Cent,Down On Me
1022,Lil Wayne,How To Love
1023,Adele,Someone Like You
1024,OneRepublic,Good Life
1025,Bruno Mars,The Lazy Song
1026,Britney Spears,Till The World Ends
1027,Lupe Fiasco,The Show Goes On
1028,Lady Gaga,The Edge Of Glory
1029,Ke$Ha,We R Who We R
1030,Wiz Khalifa,Black And Yellow
1031,Hot Chelle Rae,Tonight Tonight
1032,Ke$Ha,Blow
1033,Bad Meets Evil feat. Bruno Mars,Lighters
1034,The Band Perry,If I Die Young
1035,Gym Class Heroes feat. Adam Levine,Stereo Hearts
1036,The Black Eyed Peas,The Time (Dirty Bit)
1037,Diddy – Dirty Money feat. Skylar Grey,Coming Home
1038,Pitbull feat. T-Pain,Hey Baby (Drop It To The Floor)
1040,Lil Wayne feat. Cory Gunz,6 Foot 7 Foot
1041,Lady Antebellum,Just A Kiss
1042,Jason Aldean,Dirt Road Anthem
1044,Waka Flocka Flame feat. Roscoe Dash & Wale,No Hands
1045,Britney Spears,I Wanna Go
1046,"DJ Khaled feat. Drake, Rick Ross & Lil Wayne",I’m On One
1047,Cobra Starship feat. Sabi,You Make Me Feel…
1048,Chris Brown,Yeah 3x
1049,Nicki Minaj feat. Drake,Moment 4 Life
1050,Dr. Dre feat. Eminem & Skylar Grey,I Need A Doctor
1052,Kelly Rowland feat. Lil Wayne,Motivation
1053,Edward Maya & Vika Jigulina,Stereo Love
1054,Christina Perri,Jar Of Hearts
1055,Wiz Khalifa,Roll Up
1056,LMFAO,Sexy And I Know It
1057,Far*East Movement feat. Ryan Tedder,Rocketeer
1058,Kanye West,All Of The Lights
1059,Britney Spears,Hold It Against Me
1060,Usher,More
1061,Avril Lavigne,What The Hell
1062,Tinie Tempah feat. Eric Turner,Written In The Stars
1064,Usher feat. Pitbull,DJ Got Us Fallin’ In Love
1065,The Script,For The First Time
1066,Blake Shelton,Honey Bee
1067,Jason Aldean With Kelly Clarkson,Don’t You Wanna Stay
1068,Rihanna feat. Calvin Harris,We Found Love
1069,Keri Hilson,Pretty Girl Rock
1070,Lady Gaga,You And I
1071,Far*East Movement feat. Cataracs & Dev,Like A G6
1072,David Guetta feat. Usher,Without You
1073,Taylor Swift,Back To December
1075,Eli Young Band,Crazy Girl
1076,Rihanna,Cheers (Drink To That)
1077,Selena Gomez & The Scene,Who Says
1078,Jake Owen,Barefoot Blue Jean Night
1079,Zac Brown Band feat. Jimmy Buffett,Knee Deep
1080,Luke Bryan,Country Girl (Shake It For Me)
1081,Brad Paisley With Carrie Underwood,Remind Me
1082,Dev,In The Dark
1083,New Boyz feat. The Cataracs & Dev,Backseat
1084,Drake,Headlines
1085,Beyonce,Best Thing I Never Had
1086,Jason Derulo,Don’t Wanna Go Home
1087,David Guetta feat. Flo Rida & Nicki Minaj,Where Them Girls At
1088,Chris Brown,She Ain’t You
1089,Rodney Atkins,Take A Back Road
1090,Mike Posner,Please Don’t Go
1091,Miguel,Sure Thing
1092,Jessie J feat. B.O.B,Price Tag
1093,Blake Shelton,God Gave Me You
1094,Lil Wayne feat. Drake,She Will
1095,Thompson Square,Are You Gonna Kiss Me Or Not
1097,Kenny Chesney feat. Grace Potter,You And Tequila
1098,Zac Brown Band,Colder Weather
1099,Big Sean feat. Chris Brown,My Last
1100,Gotye feat. Kimbra,Somebody That I Used To Know
1101,Carly Rae Jepsen,Call Me Maybe
1102,fun. feat. Janelle Monae,We Are Young
1103,Maroon 5 feat. Wiz Khalifa,Payphone
1104,Ellie Goulding,Lights
1105,The Wanted,Glad You Came
1106,Kelly Clarkson,Stronger (What Doesn’t Kill You)
1107,Rihanna feat. Calvin Harris,We Found Love
1108,Nicki Minaj,Starships
1109,One Direction,What Makes You Beautiful
1110,Flo Rida feat. Sia,Wild Ones
1111,Adele,Set Fire To The Rain
1113,fun.,Some Nights
1114,Katy Perry,Wide Awake
1115,Flo Rida,Good Feeling
1116,Flo Rida,Whistle
1117,Maroon 5,One More Night
1118,Train,Drive By
1119,Drake feat. Lil Wayne,The Motto
1120,Rihanna,Where Have You Been
1121,Neon Trees,Everybody Talks
1122,Drake feat. Rihanna,Take Care
1123,David Guetta feat. Sia,Titanium
1124,Jason Mraz,I Won’t Give Up
1125,Bruno Mars,It Will Rain
1126,"Kanye West, Big Sean, Pusha T, 2 Chainz",Mercy
1127,Justin Bieber,Boyfriend
1129,Alex Clare,Too Close
1130,Katy Perry,Part Of Me
1131,Snoop Dogg and Wiz Khalifa feat. Bruno Mars,"Young, Wild & Free"
1132,Taylor Swift,We Are Never Ever Getting Back Together
1133,Justin Bieber feat. Big Sean,As Long as You Love Me
1134,David Guetta feat. Nicki Minaj,Turn Me On
1136,P!nk,Blow Me (One Last Kiss)
1137,Owl City and Carly Rae Jepsen,Good Time
1138,Demi Lovato,Give Your Heart A Break
1139,Jay Z and Kanye West,Ni**As In Paris
1140,Katy Perry,The One That Got Away
1141,Calvin Harris,Feel So Close
1143,Usher,Scream
1144,Tyga,Rack City
1145,Jessie J,Domino
1146,PSY,Gangnam Style
1147,Pitbull feat. Chris Brown,International Love
1148,Phillip Phillips,Home
1150,Gym Class Heroes feat. Neon Hitch,Ass Back Home
1151,Hunter Hayes,Wanted
1152,Luke Bryan,Drunk On You
1153,2 Chainz feat. Drake,No Lie
1154,Cher Lloyd,Want U Back
1155,Chris Brown,Don’t Wake Me Up
1156,Big Sean feat. Nicki Minaj,Dance (A$$)
1157,Eric Church,Springsteen
1158,Karmin,Brokenhearted
1159,Gavin DeGraw,Not Over You
1161,Pitbull,Back In Time
1162,J. Cole,Work Out
1163,Adele,Rumour Has It
1164,Calvin Harris feat. Ne-Yo,Let’s Go
1165,Carrie Underwood,Good Girl
1166,Little Big Town,Pontoon
1167,The Lumineers,Ho Hey
1168,Coldplay,Paradise
1169,Carrie Underwood,Blown Away
1171,Usher,Climax
1172,Wiz Khalifa,"Work Hard, Play Hard"
1173,Ne-Yo,Let Me Love You (Until You Learn To Love Yourself)
1174,Nicki Minaj,Pound The Alarm
1175,Kenny Chesney,Come Over
1176,Trey Songz,Heart Attack
1177,Kirko Bangz,Drank In My Cup
1178,Rihanna feat. Chris Brown,Birthday Cake
1179,B.o.B,So Good
1180,Train,50 Ways To Say Goodbye
1181,Toby Keith,Red Solo Cup
1182,Selena Gomez and The Scene,Love You Like A Love Song
1183,Chris Brown,Turn Up The Music
1184,Ke$ha,Die Young
1185,T-Pain feat. Wiz Khalifa and Lily Allen,5 O’Clock
1186,Christina Perri,A Thousand Years
1187,Jason Aldean,Take A Little Ride
1188,Rihanna,You Da One
1189,Havana Brown feat. Pitbull,We Run The Night
1190,Imagine Dragons,It’s Time
1191,Ca$h Out,Cashin’ Out
1192,Luke Bryan,I Don’t Want This Night To End
1193,Rihanna,Diamonds
1194,Lee Brice,Hard To Love
1195,Kip Moore,Somethin’ ‘Bout A Truck
1196,Miguel,Adorn
1197,Jason Aldean,Fly Over States
1198,Eli Young Band,Even If It Breaks Your Heart
1199,Linkin Park,Burn It Down
1200,Macklemore & Ryan Lewis Featuring Ray Dalton ,Can’t Hold Us
1201,Baauer ,Harlem Shake
1202,P!nk Featuring Nate Ruess ,Just Give Me A Reason
1203,Robin Thicke Featuring T.I. + Pharrell ,Blurred Lines
1204,Lorde ,Royals
1206,Katy Perry ,Roar
1207,Justin Timberlake ,Mirrors
1208,Daft Punk Featuring Pharrell Williams ,Get Lucky
1209,Miley Cyrus,We Can’t Stop
1210,Miley Cyrus,Wrecking Ball
1211,will.i.am &BritneySpears ,Scream & Shout
1212,Justin Timberlake Featuring Jay Z ,Suit & Tie
1213,Rihanna Featuring Mikky Ekko ,Stay
1214,Eminem ,Berzerk
1215,Eminem Featuring Rihanna ,The Monster
1216,Drake Featuring MajidJordan,"Hold On, We’re Going Home"
1217,Florida Georgia Line Featuring Nelly ,Cruise
1218,Bruno Mars,Treasure
1219,Avicii ,Wake Me Up!
1220,Jay Z Featuring Justin Timberlake ,Holy Grail
1221,Drake ,Started From The Bottom
1222,Anna Kendrick ,Cups (Pitch Perfect’s When I’m Gone)
1223,Selena Gomez ,Come & Get It
1224,Lady Gaga ,Applause
1225,One Direction ,Story Of My Life
1226,Imagine Dragons ,Demons
1227,Pitbull Featuring Christina Aguilera ,Feel This Moment
1228,Zedd Featuring Foxes ,Clarity
1229,Ylvis ,The Fox
1230,LilWayneFeaturing Drake & Future ,Love Me
1231,Icona Pop Featuring Charli XCX ,I Love It
1232,Capital Cities ,Safe And Sound
1233,OneRepublic ,Counting Stars
1234,Demi Lovato ,Heart Attack
1235,Ariana Grande Featuring Mac Miller ,The Way
1236,Maroon 5 ,Love Somebody
1237,Lana Del Rey & Cedric Gervais ,Summertime Sadness
1238,Macklemore & Ryan Lewis FeatMary Lambert ,Same Love
1239,"Mike WiLL Made-It FeaturingMiley Cyrus, Wiz Khalifa & Juicy J",23
1240,PSY ,Gentleman
1241,Passenger ,Let Her Go
1242,Blake Shelton FeatPistolAnnies& Friends ,Boys ‘Round Here
1243,Fall Out Boy , Light Em Up
1244,2 Chainz & Wiz Khalifa ,We Own It (Fast & Furious)
1245,Luke Bryan ,That’s My Kind Of Night
1246,Eminem ,Survival
1247,will.i.am Featuring Justin Bieber ,#thatPOWER
1248,CalvinHarris Featuring Ellie Goulding ,I Need Your Love
1249,Mariah Carey Featuring Miguel ,#Beautiful
1250,Eminem ,Rap God
1251,Darius Rucker ,Wagon Wheel
1252,Luke Bryan , Crash My Party
1253,Jason Derulo ,The Other Side
1254,One Direction ,Best Song Ever
1255,Rihanna ,Pour It Up
1256,fun. ,Carry On
1257,Miranda Lambert ,Mama’s Broken Heart
1258,J. Cole Featuring Miguel ,Power Trip
1259,Taylor Swift ,22
1260,Rocko Featuring Future & Rick Ross ,U.O.E.N.O.
1261,Drake Featuring 2 Chainz & Big Sean ,All Me
1262,Pitbull Featuring Ke$ha ,Timber
1263,Tim McGraw With Taylor Swift ,Highway Don’t Care
1264,HunterHayes ,I Want Crazy
1265,YG Featuring Jeezy & Rich Homie Quan ,My Hitta
1266,ChrisBrownFeaturing Nicki Minaj ,Love More
1267,Paramore ,Still Into You
1268,Blake Shelton ,Sure Be Cool If You Did
1269,Olly Murs Featuring Flo Rida ,Troublemaker
1270,Phillip Phillips ,"Gone, Gone, Gone"
1271,Thomas Rhett ,It Goes Like This
1272,Robin Thicke Featuring Kendrick Lamar ,Give It 2 U
1273,Katy Perry ,Unconditionally
1274,Emeli Sande ,Next To Me
1275,Ke$ha ,C’Mon
1276,Wale Featuring Tiara Thomas ,Bad
1277,Ciara ,Body Party
1278,J. Cole Featuring TLC ,Crooked Smile
1279,Randy Houser ,Runnin’ Outta Moonlight
1280,Wale Featuring Tiara Thomas Or Rihanna ,Bad
1281,Bruno Mars,Gorilla
1282,Florida Georgia Line ,Get Your Shine On
1283,Lady Antebellum ,Downtown
1284,Justin Timberlake ,Take Back The Night
1285,Avril Lavigne ,Here’s To Never Growing Up
1286,Brett Eldredge ,Don’t Ya
1287,Florida Georgia Line ,Round Here
1288,Selena Gomez ,Slow Down
1289,Sage The Gemini Featuring IamSu ,Gas Pedal
1290,Lady Gaga ,Venus
1291,Kendrick Lamar ,"Bitch, Don’t Kill My Vibe"
1292,AceHood Featuring Future & Rick Ross , Bugatti
1293,The Neighbourhood ,Sweater Weather
1294,Tyler Farr ,Redneck Crazy
1295,Krewella ,Alive
1296,Sara Bareilles ,Brave
1297,The FiNATTiCZ ,Don’t Drop That Thun Thun!
1298,Justin Timberlake ,TKO
1299,Pharrell Williams,Happy
1300,Katy Perry feat. Juicy J,Dark Horse
1301,John Legend,All Of Me
1302,Iggy Azalea feat. Charli XCX,Fancy
1303,OneRepublic,Counting Stars
1304,Jason Derulo feat. 2 Chainz,Talk Dirty
1305,MAGIC!,Rude
1306,Meghan Trainor,All About That Bass
1307,Ariana Grande feat. Iggy Azalea,Problem
1308,Sam Smith,Stay With Me
1309,Pitbull feat. Ke$ha,Timber
1310,Bastille,Pompeii
1311,Taylor Swift,Shake It Off
1312,Nico and Vinz,Am I Wrong
1313,DJ Snake and Lil Jon,Turn Down For What
1314,Eminem feat. Rihanna,The Monster
1315,A Great Big World and Christina Aguilera,Say Something
1316,Lorde,Team
1317,Passenger,Let Her Go
1318,Lorde,Royals
1319,Idina Menzel,Let It Go
1320,Avicii,Wake Me Up!
1321,Imagine Dragons,Demons
1322,One Direction,Story Of My Life
1323,Sia,Chandelier
1324,Iggy Azalea feat. Rita Ora,Black Widow
1325,"Jessie J, Ariana Grande & Nicki Minaj",Bang Bang
1326,Disclosure feat. Sam Smith,Latch
1327,Maroon 5,Maps
1328,Chris Brown feat. Lil Wayne and French Montana or Too $hort or Tyga,Loyal
1329,American Authors,Best Day Of My Life
1330,Tove Lo,Habits (Stay High)
1331,Calvin Harris,Summer
1332,Charli XCX,Boom Clap
1333,Beyonce feat. Jay Z,Drunk In Love
1334,Nicki Minaj,Anaconda
1335,Ariana Grande feat. Zedd,Break Free
1336,Enrique Iglesias feat. Descemer Bueno and Gente De Zona,Bailando
1337,Ellie Goulding,Burn
1338,Jason Derulo feat. Snoop Dogg,Wiggle
1339,Clean Bandit feat. Jess Glynne,Rather Be
1340,Jeremih feat. Yg,Don’t Tell ‘Em
1341,Kid Ink feat. Chris Brown,Show Me
1343,Justin Timberlake,Not A Bad Thing
1344,Katy Perry,Roar
1345,Paramore,Ain’t It Fun
1346,Aloe Blacc,The Man
1347,Florida Georgia Line feat. Luke Bryan,This Is How We Roll
1348,Mkto,Classic
1349,Coldplay,A Sky Full Of Stars
1350,Ed Sheeran,Don’t
1351,Trey Songz,Na Na
1352,Bobby Shmurda,Hot Boy
1353,Drake feat. Majid Jordan,"Hold On, We’re Going Home"
1354,Ed Sheeran,Sing
1355,Imagine Dragons,Radioactive
1356,Yg feat. Jeezy and Rich Homie Quan,My Hitta
1357,Echosmith,Cool Kids
1358,Avicii,Hey Brother
1359,Jason Derulo,Trumpets
1360,Maroon 5,Animals
1361,Jason Aldean,Burnin’ It Down
1362,Luke Bryan,Play It Again
1363,Tinashe feat. Schoolboy Q,2 On
1364,Florida Georgia Line,Dirt
1365,OneRepublic,Love Runs Out
1366,Brantley Gilbert,Bottoms Up
1367,Becky G,Shower
1368,Rixton,Me And My Broken Heart
1369,Martin Garrix,Animals
1370,Rich Gang feat. Young Thug and Rich Homie Quan,Lifestyle
1371,Kenny Chesney,American Kids
1372,Sara Bareilles,Brave
1373,The Neighbourhood,Sweater Weather
1374,Sam Hunt,Leave The Night On
1375,Chris Brown feat. Usher and Rick Ross,New Flame
1376,Michael Jackson and Justin Timberlake,Love Never Felt So Good
1377,Dierks Bentley,Drunk On A Plane
1378,Katy Perry,Birthday
1379,Lady Antebellum,Bartender
1380,Naughty Boy feat. Sam Smith,La La La
1381,Robin Thicke feat. T.I. and Pharrell,Blurred Lines
1382,Lady Gaga feat. R. Kelly,Do What U Want
1383,Shakira feat. Rihanna,Can’t Remember To Forget You
1384,5 Seconds Of Summer,Amnesia
1385,T.I. feat. Iggy Azalea,No Mediocre
1386,Kongos,Come With Me Now
1387,Lil Wayne feat. Drake,Believe Me
1388,"Mike Will Made-It feat. Miley Cyrus, Wiz Khalifa and Juicy J",23
1389,Jake Owen,Beachin’
1390,Macklemore & Ryan Lewis feat. Schoolboy Q and Hollis,White Walls
1391,5 Seconds Of Summer,She Looks So Perfect
1392,Zedd feat. Hayley Williams,Stay The Night
1393,Beyonce,Partition
1394,Schoolboy Q feat. BJ The Chicago Kid,Studio
1395,Drake,0 To 100 / The Catch Up
1396,Lee Brice,I Don’t Dance
1397,Miranda Lambert and Carrie Underwood,Somethin’ Bad
1398,Miley Cyrus,Adore You
1399,Mark Ronson feat. Bruno Mars,Uptown Funk!
1400,Ed Sheeran,Thinking Out Loud
1401,Wiz Khalifa feat. Charlie Puth,See You Again
1402,Fetty Wap,Trap Queen
1403,Maroon 5,Sugar
1404,Walk The Moon,Shut Up and Dance
1405,Taylor Swift,Blank Space
1406,Silento,Watch Me
1407,Weeknd,Earned It (Fifty Shades Of Grey)
1408,Weeknd,The Hills
1409,OMI,Cheerleader (Felix Jaehn Remix)
1410,Weeknd,Can’t Feel My Face
1411,Ellie Goulding,Love Me Like You Do
1412,Hozier,Take Me To Church
1413,Taylor Swift feat. Kendrick Lamar,Bad Blood
1414,Major Lazer and DJ Snake feat. M0,Lean On
1415,Jason Derulo,Want To Want Me
1417,Skrillex and Diplo With Justin Bieber,Where Are U Now
1418,Rachel Platten,Fight Song
1419,Fetty Wap feat. Remy Boyz,679
1420,Meghan Trainor,Lips Are Movin
1421,Fifth Harmony feat. Kid Ink,Worth It
1422,Omarion feat. Chris Brown and Jhene Aiko,Post To Be
1423,Andy Grammer,"Honey, I’m Good."
1424,Sam Smith,I’m Not The Only One
1425,Selena Gomez feat. A$AP Rocky,Good For You
1427,Taylor Swift,Style
1428,Drake,Hotline Bling
1429,"David Guetta feat. Nicki Minaj, Bebe Rexha and Afrojack",Hey Mama
1430,Flo Rida feat. Sage The Gemini and Lookas,G.D.F.R.
1431,Justin Bieber,What Do You Mean?
1432,Ed Sheeran,Photograph
1433,Adele,Hello
1434,Shawn Mendes,Stitches
1435,Tove Lo,Talking Body
1436,Nick Jonas,Jealous
1437,Pitbull and Ne-Yo,Time Of Our Lives
1438,R. City feat. Adam Levine,Locked Away
1439,Natalie La Rose feat. Jeremih,Somebody
1440,"Rihanna, Kanye West, and Paul McCartney",FourFiveSeconds
1441,Fall Out Boy,Centuries
1442,Fetty Wap feat. Monty,My Way
1443,Sam Hunt,Take Your Time
1445,Big Sean feat. E-40,I Don’t F**k With You
1446,Rihanna,B**** Better Have My Money
1447,Rich Homie Quan,Flex (Ooh Ooh Ooh)
1448,T-Wayne,Nasty Freestyle
1449,"Nicki Minaj feat. Drake, Lil Wayne and Chris Brown",Only
1450,Sia,Elastic Heart
1451,Demi Lovato,Cool For The Summer
1452,X Ambassadors,Renegades
1453,Usher feat. Juicy J,I Don’t Mind
1454,Ariana Grande and The Weeknd,Love Me Harder
1455,Taylor Swift,Wildest Dreams
1457,DJ Snake and Alunageorge,You Know You Like It
1458,Fall Out Boy,Uma Thurman
1459,Beyonce,11-Jul
1460,Selena Gomez,The Heart Wants What It Wants
1461,Little Big Town,Girl Crush
1462,Trey Songz,Slow Motion
1463,One Direction,Drag Me Down
1464,Nicki Minaj feat. Drake and Lil Wayne,Truffle Butter
1465,Ariana Grande,One Last Time
1466,Nick Jonas,Chains
1467,Meek Mill feat. Chris Brown and Nicki Minaj,All Eyes On You
1468,Rae Sremmurd,No Type
1469,Vance Joy,Riptide
1470,Jidenna feat. Roman GianArthur,Classic Man
1471,Elle King,Ex’s and Oh’s
1472,Meghan Trainor,Dear Future Husband
1473,Charlie Puth feat. Meghan Trainor,Marvin Gaye
1474,Meghan Trainor feat. John Legend,Like I’m Gonna Lose You
1476,James Newton Howard feat. Jennifer Lawrence,The Hanging Tree
1477,O.T. Genasis,Coco
1478,"Jessie J, Ariana Grande and Nicki Minaj",Bang Bang
1479,Sam Smith,Lay Me Down
1480,iLoveMakonnen feat. Drake,Tuesday
1481,iLoveMemphis,Hit The Quan
1482,"Macklemore and Ryan Lewis feat. Eric Nally, Melle Mel, Kool Moe Dee and Grandmaster Caz",Downtown
1483,Sam Hunt,House Party
1484,Chris Brown and Tyga,Ayo
1485,Luke Bryan,Kick The Dust Up
1486,Big Sean feat. Drake,Blessings
1487,George Ezra,Budapest
1489,Kelly Clarkson,Heartbeat Song
1491,Ella Henderson,Ghost
1492,Alessia Cara,Here
1493,Mr. Probz,Waves
1494,Nicky Jam and Enrique Iglesias,El Perdon (Forgiveness)
1495,Ne-Yo feat. Juicy J,She Knows
1496,One Direction,Night Changes
1497,Drake,Back To Back
1498,Calvin Harris and Disciples,How Deep Is Your Love
1499,Justin Bieber,Love Yourself
1500,Justin Bieber,Sorry
1501,Drake feat. WizKid and Kyla,One Dance
1502,Rihanna feat. Drake,Work
1503,twenty one pilots,Stressed Out
1504,Desiigner,Panda
1506,Chainsmokers feat. Daya,Don’t Let Me Down
1507,Justin Timberlake,Can’t Stop The Feeling!
1508,Chainsmokers feat. Halsey,Closer
1509,Sia feat. Sean Paul,Cheap Thrills
1510,Lukas Graham,7 Years
1511,Rihanna,Needed Me
1512,Flo Rida,My House
1513,Mike Posner,I Took A Pill In Ibiza
1514,Fifth Harmony feat. Ty Dolla $ign,Work From Home
1515,Calvin Harris feat. Rihanna,This Is What You Came For
1516,DNCE,Cake By The Ocean
1517,G-Eazy x Bebe Rexha,"Me, Myself and I"
1518,twenty one pilots,Ride
1519,twenty one pilots,Heathens
1520,Zayn,Pillowtalk
1523,Major Lazer feat. Justin Bieber and MO,Cold Water
1524,Adele,Send My Love (To Your New Lover)
1525,Chainsmokers feat. Rozes,Roses
1526,Shawn Mendes,Treat You Better
1527,Drake feat. Rihanna,Too Good
1528,Future feat. The Weeknd,Low Life
1529,Justin Bieber,What Do You Mean?
1531,P!nk,Just Like Fire
1532,D.R.A.M. feat. Lil Yachty,Broccoli
1533,Bryson Tiller,Don’t
1534,Ariana Grande,Dangerous Woman
1535,Drake and Future,Jumpman
1536,gnash feat. Olivia O’Brien,I Hate U I Love U
1538,Selena Gomez,Same Old Love
1539,Drake,Controlla
1541,Charlie Puth,One Call Away
1542,James Bay,Let It Go
1543,Meghan Trainor,No
1544,Zara Larsson and MNEK,Never Forget You
1545,DJ Snake feat. Justin Bieber,Let Me Love You
1546,Kent Jones,Don’t Mind
1547,Florida Georgia Line,H.O.L.Y.
1548,Charlie Puth feat. Selena Gomez,We Don’t Talk Anymore
1549,Ariana Grande,Into You
1550,Kiiara,Gold
1551,Bryson Tiller,Exchange
1553,Jeremih,Oui
1554,Selena Gomez,Hands To Myself
1555,Kevin Gates,2 Phones
1556,Weeknd feat. Daft Punk,Starboy
1557,DJ Khaled feat. Drake,For Free
1558,Flume feat. Kai,Never Be Like You
1559,Weeknd,In The Night
1560,Meghan Trainor,Me Too
1562,Thomas Rhett,Die A Happy Man
1563,Post Malone,White Iverson
1564,Nick Jonas feat. Tove Lo,Close
1565,X Ambassadors,Unsteady
1566,"Lil Wayne, Wi",Sucker For Pain
1567,Yo Gotti feat. Nicki Minaj,Down In The Dm
1568,Tory Lanez,Luv
1569,Beyonce,Sorry
1571,Coldplay,Hymn For The Weekend
1572,Tory Lanez,Say It
1573,Travis Scott,Antidote
1574,Ruth B,Lost Boy
1575,Ariana Grande feat. Nicki Minaj,Side To Side
1576,Daya,"Sit Still, Look Pretty"
1578,DJ Snake feat. Bipolar Sunshine,Middle
1579,Ellie Goulding,On My Mind
1580,Drake feat. The Throne,Pop Style
1581,Adele,When We Were Young
1582,Daya,Hide Away
1583,Major Lazer and DJ Snake feat. MO,Lean On
1584,Shawn Mendes and Camila Cabello,I Know What You Did Last Summer
1585,"Fat Joe, Rem",All The Way Up
1586,Silento,Watch Me
1587,Chris Brown,Back To Sleep
1588,Usher feat. Young Thug,No Limit
1589,O.T. Genasis feat. Young Dolph,Cut It
1590,Kevin Gates,Really Really
1591,Fifth Harmony feat. Fetty Wap,All In My Head (Flex)
1592,Hailee Steinfeld and Grey feat. Zedd,Starving
1593,Coldplay,Adventure Of A Lifetime
1594,Tim McGraw,Humble And Kind
1595,Future,Wicked
1596,Desiigner,Tiimmy Turner
1598,One Direction,Perfect
1599,Ed Sheeran,Shape Of You
1600,Luis Fonsi & Daddy Yankee Featuring Justin Bieber,Despacito
1601,Bruno Mars,That’s What I Like
1602,Kendrick Lamar,Humble.
1603,The Chainsmokers & Coldplay,Something Just Like This
1604,Migos Featuring Lil Uzi Vert,Bad And Boujee
1605,The Chainsmokers Featuring Halsey,Closer
1606,Sam Hunt,Body Like A Back Road
1607,Imagine Dragons,Believer
1608,Post Malone Featuring Quavo,Congratulations
1609,James Arthur,Say You Won’t Let Go
1610,"DJ Khaled Featuring Justin Bieber, Quavo, Chance The Rapper & Lil Wayne",I’m The One
1611,Lil Uzi Vert,XO TOUR Llif3
1612,Future,Mask Off
1613,French Montana Featuring Swae Lee,Unforgettable
1614,Bruno Mars,24K Magic
1615,Zedd & Alessia Cara,Stay
1616,DJ Khaled Featuring Rihanna & Bryson Tiller,Wild Thoughts
1617,Rae Sremmurd Featuring Gucci Mane,Black Beatles
1618,The Weeknd Featuring Daft Punk,Starboy
1619,Khalid,Location
1620,Charlie Puth,Attention
1621,Shawn Mendes,There’s Nothing Holdin’ Me Back
1622,Cardi B,Bodak Yellow (Money Moves)
1623,Childish Gambino,Redbone
1624,Zayn / Taylor Swift,I Don’t Wanna Live Forever (Fifty Shades Darker)
1625,Kygo x Selena Gomez,It Ain’t Me
1626,KYLE Featuring Lil Yachty,iSpy
1627,Julia Michaels,Issues
1628,Alessia Cara,Scars To Your Beautiful
1629,Logic Featuring Alessia Cara & Khalid,1-800-273-8255
1630,Niall Horan,Slow Hands
1631,Rihanna,Love On The Brain
1632,The Weeknd Featuring Daft Punk,I Feel It Coming
1633,Big Sean,Bounce Back
1634,Liam Payne Featuring Quavo,Strip That Down
1635,Drake,Fake Love
1636,Maroon 5 Featuring Kendrick Lamar,Don’t Wanna Know
1637,Taylor Swift,Look What You Made Me Do
1638,Ed Sheeran,Castle On The Hill
1639,Machine Gun Kelly x Camila Cabello,Bad Things
1640,The Chainsmokers,Paris
1641,Ariana Grande Featuring Nicki Minaj,Side To Side
1642,Clean Bandit Featuring Sean Paul & Anne-Marie,Rockabye
1643,Portugal. The Man,Feel It Still
1644,DJ Snake Featuring Justin Bieber,Let Me Love You
1645,Demi Lovato,Sorry Not Sorry
1646,21 Savage,Bank Account
1648,J Balvin & Willy William Featuring Beyonce,Mi Gente
1649,Imagine Dragons,Thunder
1650,Migos,T-Shirt
1651,Yo Gotti Featuring Nicki Minaj,Rake It Up
1652,Shawn Mendes,Mercy
1653,Kodak Black,Tunnel Vision
1654,Post Malone Featuring 21 Savage,Rockstar
1655,Brett Young,In Case You Didn’t Know
1657,Halsey,Now Or Never
1658,Amine,Caroline
1659,Ayo & Teo,Rolex
1660,Kendrick Lamar,DNA.
1661,Zay Hilfigerrr & Zayion McCall,Juju On That Beat (TZ Anthem)
1662,Rae Sremmurd,Swang
1663,Drake,Passionfruit
1664,Kendrick Lamar Featuring Rihanna,Loyalty.
1665,Kesha,Praying
1666,Travis Scott,Goosebumps
1667,Maroon 5 Featuring Future,Cold
1668,D.R.A.M. Featuring Lil Yachty,Broccoli
1669,Calvin Harris Featuring Frank Ocean & Migos,Slide
1670,Kane Brown Featuring Lauren Alaina,What Ifs
1671,Katy Perry Featuring Skip Marley,Chained To The Rhythm
1672,"Calvin Harris Featuring Pharrell Williams, Katy Perry & Big Sean",Feels
1673,Jon Bellion,All Time Low
1674,Luke Combs,Hurricane
1675,Sam Smith,Too Good At Goodbyes
1676,Khalid,Young Dumb & Broke
1677,Playboi Carti,Magnolia
1678,SZA Featuring Travis Scott,Love Galore
1679,A Boogie Wit da Hoodie Featuring Kodak Black,Drowning
1680,Hailee Steinfeld & Grey Featuring Zedd,Starving
1681,Gucci Mane Featuring Drake,Both
1682,P!nk,What About Us
1683,Jason Derulo Featuring Nicki Minaj & Ty Dolla $ign,Swalla
1684,Migos Featuring Gucci Mane,Slippery
1685,Harry Styles,Sign Of The Times
1686,Adele,Water Under The Bridge
1687,Miley Cyrus,Malibu
1688,Marian Hill,Down
1689,Cheat Codes Featuring Demi Lovato,No Promises
1691,Gucci Mane Featuring Migos,I Get The Bag
1692,Dustin Lynch,Small Town Boy
1693,YFN Lucci Featuring PnB Rock,Everyday We Lit
1694,Camila Cabello Featuring Young Thug,Havana
1695,Maroon 5 Featuring SZA,What Lovers Do
1696,Blackbear,Do Re Mi
1697,XXXTentacion,Look At Me!
1698,Keith Urban Featuring Carrie Underwood,The Fighter
1699,Drake,God’s Plan
1700,Ed Sheeran,Perfect
1701,Bebe Rexha & Florida Georgia Line,Meant To Be
1702,Camila Cabello Featuring Young Thug,Havana
1704,Post Malone Featuring Ty Dolla $ign,Psycho
1705,"Cardi B, Bad Bunny & J Balvin",I Like It
1706,"Zedd, Maren Morris & Grey",The Middle
1707,Drake,In My Feelings
1708,Maroon 5 Featuring Cardi B,Girls Like You
1709,Drake,Nice For What
1710,Juice WRLD,Lucid Dreams
1711,Post Malone,Better Now
1712,Bruno Mars & Cardi B,Finesse
1713,Ella Mai,Boo’d Up
1714,Dua Lipa,New Rules
1715,XXXTENTACION,Sad!
1716,Camila Cabello,Never Be The Same
1717,Khalid & Normani,Love Lies
1718,Ariana Grande,No Tears Left To Cry
1719,Bazzi,Mine
1721,BlocBoy JB Featuring Drake,Look Alive
1722,Taylor Swift,Delicate
1723,Lil Baby & Drake,Yes Indeed
1724,Marshmello & Anne-Marie,Friends
1725,Halsey,Bad At Love
1726,Tyga Featuring Offset,Taste
1727,NF,Let You Down
1728,G-Eazy Featuring A$AP Rocky & Cardi B,No Limit
1729,6ix9ine Featuring Nicki Minaj & Murda Beatz,FEFE
1730,Dan + Shay,Tequila
1732,"Migos, Nicki Minaj & Cardi B",MotorSport
1733,Lauv,I Like Me Better
1734,5 Seconds Of Summer,Youngblood
1735,Imagine Dragons,Whatever It Takes
1736,Offset & Metro Boomin,Ric Flair Drip
1737,Post Malone,I Fall Apart
1738,The Weeknd & Kendrick Lamar,Pray For Me
1739,Selena Gomez,Back To You
1740,Travis Scott,Sicko Mode
1741,Migos Featuring Drake,Walk It Talk It
1742,Lil Pump,Gucci Gang
1743,G-Eazy & Halsey,Him & I
1744,Shawn Mendes,In My Blood
1745,Kendrick Lamar & SZA,All The Stars
1746,Migos,Stir Fry
1748,Kendrick Lamar Featuring Zacari,Love.
1749,Childish Gambino,This Is America
1750,Drake,Nonstop
1751,Kane Brown,Heaven
1753,Lil Dicky Featuring Chris Brown,Freaky Friday
1754,6ix9ine,Gummo
1755,Rich The Kid,Plug Walk
1756,Maroon 5,Wait
1757,Cardi B,Be Careful
1758,Selena Gomez X Marshmello,Wolves
1759,Cardi B Featuring 21 Savage,Bartier Cardi
1760,Ariana Grande,God Is A Woman
1761,"YG Featuring 2 Chainz, Big Sean & Nicki Minaj",Big Bank
1763,Charlie Puth,How Long
1764,MAX Featuring gnash,Lights Down Low
1766,Calvin Harris & Dua Lipa,One Kiss
1767,Imagine Dragons,Natural
1768,Jason Aldean,You Make It Easy
1771,"DJ Khaled Featuring Justin Bieber, Chance The Rapper & Quavo",No Brainer
1772,A$AP Ferg Featuring Nicki Minaj,Plain Jane
1773,Miguel Featuring Travis Scott,Sky Walker
1774,Thomas Rhett,Marry Me
1775,"Benny Blanco, Halsey & Khalid",Eastside
1776,The Weeknd,Call Out My Name
1777,"Jay Rock, Kendrick Lamar, Future & James Blake",King’s Dead
1778,Marshmello & Bastille,Happier
1779,"Casper Magico, Nio Garcia, Darell, Nicky Jam, Ozuna & Bad Bunny",Te Bote
1780,Florida Georgia Line,Simple
1781,N*E*R*D & Rihanna,Lemon
1783,Justin Timberlake Featuring Chris Stapleton,Say Something
1784,Drake,I’m Upset
1785,Kenny Chesney,Get Along
1786,XXXTENTACION,Moonlight
1788,Nicky Jam x J Balvin,X
1789,YoungBoy Never Broke Again,Outside Today
1790,Ella Mai,Trip
1791,Daddy Yankee,Dura
1792,XXXTENTACION,Changes
1793,Brett Young,Mercy
1794,Luke Combs,One Number Away
1795,Rae Sremmurd & Juicy J,Powerglide
1796,Dua Lipa,IDGAF
1799,Lil Nas X Featuring Billy Ray Cyrus,Old Town Road
1800,Post Malone & Swae Lee,Sunflower (Spider-Man: Into The Spider-Verse)
1801,Halsey,Without Me
1802,Billie Eilish,Bad Guy
1803,Post Malone,Wow.
1805,Ariana Grande,7 Rings
1806,Khalid,Talk
1808,Jonas Brothers,Sucker
1809,Panic! At The Disco,High Hopes
1810,Ariana Grande,"Thank U, Next"
1811,Lizzo,Truth Hurts
1812,Sam Smith & Normani,Dancing With A Stranger
1813,Shawn Mendes & Camila Cabello,Senorita
1814,Ed Sheeran & Justin Bieber,I Don’t Care
1815,"benny blanco, Halsey & Khalid",Eastside
1816,Meek Mill Featuring Drake,Going Bad
1817,Lady Gaga & Bradley Cooper,Shallow
1818,Khalid,Better
1819,Chris Brown Featuring Drake,No Guidance
1821,Ava Max,Sweet But Psycho
1822,DaBaby,Suge
1823,J. Cole,Middle Child
1824,Lil Baby & Gunna,Drip Too Hard
1825,Lewis Capaldi,Someone You Loved
1826,Lil Tecca,Ran$om
1827,Shawn Mendes,If I Can’t Have You
1828,Post Malone Featuring Young Thug,Goodbyes
1829,Kodak Black Featuring Travis Scott & Offset,ZEZE
1832,Drake Featuring Rick Ross,Money In The Grave
1833,Dan + Shay,Speechless
1834,Ariana Grande,"Break Up With Your Girlfriend, I’m Bored"
1835,Cardi B & Bruno Mars,Please Me
1836,Cardi B,Money
1837,Taylor Swift,You Need To Calm Down
1838,Lil Nas X,Panini
1839,A Boogie Wit da Hoodie,Look Back At It
1840,21 Savage,A Lot
1841,Taylor Swift Featuring Brendon Urie,ME!
1842,Bad Bunny Featuring Drake,MIA
1843,Polo G Featuring Lil Tjay,Pop Out
1844,Luke Combs,Beautiful Crazy
1845,Blueface,Thotiana
1847,Sheck Wes,MoBamba
1848,Ed Sheeran Featuring Khalid,Beautiful People
1849,Gucci Mane X Bruno Mars X Kodak Black,Wake Up In The Sky
1850,Morgan Wallen,Whiskey Glasses
1851,Blake Shelton,God’s Country
1852,Dean Lewis,Be Alright
1853,Mustard & Migos,Pure Water
1854,Blanco Brown,The Git Up
1855,"DJ Snake Featuring Selena Gomez, Ozuna & Cardi B",Taki Taki
1856,Ellie Goulding X Diplo Featuring Swae Lee,Close To Me
1857,Calboy,Envy Me
1858,Lauren Daigle,You Say
1859,Panic! At The Disco,"Hey Look Ma, I Made It"
1860,Post Malone,Circles
1861,Luke Combs,Beer Never Broke My Heart
1862,"Young Thug, J. Cole & Travis Scott",The London
1863,Daddy Yankee & Katy Perry Featuring Snow,Con Calma
1864,YNW Melly,Murder On My Mind
1865,Billie Eilish,When The Party’s Over
1866,City Girls,Act Up
1868,SHAED,Trampoline
1869,Flipp Dinero,Leave Me Alone
1870,Ariana Grande,Breathin
1871,Billie Eilish,Bury A Friend
1872,Lil Baby,Close Friends
1873,Pinkfong,Baby Shark
1874,Saweetie,My Type
1875,YK Osiris,Worth It
1876,Jonas Brothers,Only Human
1877,Luke Bryan,Knockin’ Boots
1879,Lee Brice,Rumor
1880,A Boogie Wit da Hoodie Featuring 6ix9ine,Swervin
1881,Sam Smith,How Do You Sleep?
1882,Lil Baby & DaBaby,Baby
1883,Thomas Rhett,Look What God Gave Her
1884,Kane Brown,Good As You
1885,Offset Featuring Cardi B,Clout
1887,Marshmello & Kane Brown,One Thing Right
1888,Megan Thee Stallion Featuring DaBaby,Cash Shit
1890,NLE Choppa,Shotta Flow
1891,"Megan Thee Stallion, Nicki Minaj & Ty Dolla $ign",Hot Girl Summer
1892,Florida Georgia Line,Talk You Out Of It
1893,Bazzi Featuring Camila Cabello,Beautiful
1894,Chase Rice,Eyes On You
1895,Dan + Shay,All To Myself
1896,Ariana Grande & Social House,Boyfriend
1897,P!nk,Walk Me Home
1898,Juice WRLD,Robbery
1899,The Weeknd,Blinding Lights
1901,Roddy Ricch,The Box
1902,Dua Lipa,Don’t Start Now
1903,DaBaby Featuring Roddy Ricch,Rockstar
1904,Harry Styles,Adore You
1905,Future Featuring Drake,Life Is Good
1906,Maroon 5,Memories
1907,Maren Morris,The Bones
1909,Doja Cat,Say So
1910,Gabby Barrett Featuring Charlie Puth,I Hope
1911,"Jack Harlow Featuring DaBaby, Tory Lanez & Lil Wayne",Whats Poppin
1912,Tones And I,Dance Monkey
1913,Megan Thee Stallion,Savage
1914,Arizona Zervas,Roxanne
1915,Justin Bieber Featuring Quavo,Intentions
1916,Billie Eilish,Everything I Wanted
1917,SAINt JHN,Roses
1918,Harry Styles,Watermelon Sugar
1919,Lewis Capaldi,Before You Go
1920,Trevor Daniel,Falling
1921,Dan + Shay & Justin Bieber,"10,000 Hours"
1922,Cardi B Featuring Megan Thee Stallion,WAP
1923,Mustard & Roddy Ricch,Ballin’
1924,blackbear,Hot Girl Bummer
1925,Lil Mosey,BlueberryFaygo
1926,The Weeknd,Heartless
1927,DaBaby,BOP
1928,Selena Gomez,Lose You To Love Me
1929,Lizzo,Good As Hell
1930,Drake,Toosie Slide
1931,Dua Lipa,Break My Heart
1932,Morgan Wallen,Chasin’ You
1933,Jawsh 685 x Jason Derulo,Savage Love (Laxed – Siren Beat)
1934,Chris Brown Featuring Drake,No Guidance
1935,Camila Cabello Featuring DaBaby,My Oh My
1936,BTS,Dynamite
1937,Chris Brown & Young Thug,Go Crazy
1938,Roddy Ricch Featuring Mustard,High Fashion
1939,Drake Featuring Lil Durk,Laugh Now Cry Later
1940,Lil Baby,Woah
1941,Powfu Featuring beabadoobee,Death Bed
1943,Travis Scott,HIGHEST IN THE ROOM
1945,24kGoldn Featuring iann dior,Mood
1946,Lady Gaga & Ariana Grande,Rain On Me
1947,Pop Smoke Featuring Lil Baby & DaBaby,For The Night
1948,Black Eyed Peas X J Balvin,RITMO (Bad BoysFor Life)
1949,Rod Wave,Heart On Ice
1950,Blake Shelton Duet With Gwen Stefani,Nobody But You
1952,Juice WRLD x Marshmello,Come & Go
1954,JP Saxe Featuring Julia Michaels,If The World Was Ending
1955,Lil Baby & 42 Dugg,We Paid
1956,Justin Bieber,Yummy
1957,Old Dominion,One ManBand
1958,Jason Aldean,Got WhatI Got
1959,Surfaces,Sunday Best
1960,Eminem Featuring Juice WRLD,Godzilla
1961,Juice WRLD & YoungBoy Never Broke Again,Bandit
1962,StaySolidRocky,Party Girl
1963,Maddie & Tae,Die From A Broken Heart
1964,DJ Khaled Featuring Drake,Popstar
1965,Mariah Carey,All I Want For Christmas Is You
1966,Lee Brice,One Of Them Girls
1967,Sam Hunt,Hard To Forget
1968,Luke Bryan,One Margarita
1970,Young Thug Featuring Gunna,Hot
1971,Carly Pearce & Lee Brice,I Hope You’reHappy Now
1972,Lil Baby,Emotionally Scarred
1973,YNW Melly & Juice WRLD,Suicidal
1974,Lil Baby,The BiggerPicture
1976,Pop Smoke Featuring 50 Cent & Roddy Ricch,The Woo
1977,Lil Baby,Sum 2 Prove
1978,Ariana Grande & Justin Bieber,Stuck With U
1979,Pop Smoke Featuring Lil Tjay,Mood Swings
1980,Halsey,You Should Be Sad
1981,Pop Smoke,Dior
1982,BENEE Featuring Gus Dapperton,Supalonely
1983,Luke Combs,Even Though I’m Leaving
1984,"THE SCOTTS, Travis Scott & Kid Cudi",The Scotts
1985,Doja Cat & Tyga,Juicy
1986,Kane Brown With Swae Lee & Khalid,Be Like That
1987,Kane Brown,Homesick
1988,Rod Wave Featuring ATR Son Son,Rags2Riches
1989,Miranda Lambert,Bluebird
1990,Juice WRLD,Wishing Well
1991,Luke Combs Featuring Eric Church,Does To Me
1992,Jhene Aiko,P*$$y Fairy (OTW)
1993,surf mesa Featuring Emilee,ily
1994,Morgan Wallen,More Than My Hometown
1995,Luke Combs,Lovin’ On You
1996,Moneybagg Yo,Said Sum
1997,H.E.R. Featuring YG,Slide
1998,NLE Choppa Featuring Roddy Ricch,Walk Em Down
